pick,season,team,mls_id
1,2007,TOR,maurice-edu
1,2008,SKC,chance-myers
1,2009,SEA,steve-zakuani
1,2010,PHI,danny-mwanga
1,2011,VAN,omar-salgado
1,2012,MTL,andrew-wenger
1,2013,NE,andrew-farrell
1,2014,PHI,andre-blake
1,2015,ORL,cyle-larin
2,2007,CHI,bakary-soumare
2,2008,FCD,brek-shea
2,2009,TOR,sam-cronin
2,2010,NYRB,tony-tchani
2,2011,POR,darlington-nagbe
2,2012,VAN,darren-mattocks
2,2013,CHV,carlos-alvarez
2,2014,DC,steve-birnbaum
2,2015,NYC,khiry-shelton
3,2007,SKC,michael-harrington
3,2008,RSL,tony-beltran
3,2009,LA,omar-gonzalez
3,2010,SJ,ike-opara
3,2011,DC,perry-kitchen
3,2012,NE,kelyn-rowe
3,2013,TOR,kyle-bekker
3,2014,VAN,christian-dean
3,2015,MTL,romario-williams
4,2007,RSL,chris-seitz
4,2008,LA,sean-franklin
4,2009,TOR,obrian-white
4,2010,SKC,teal-bunbury
4,2011,CHV,zarek-valentin
4,2012,TOR,luis-silva
4,2013,VAN,kekuta-manneh
4,2014,NE,steve-neumann
4,2015,SJ,fatai-alashe
5,2007,NE,wells-thompson
5,2008,COL,ciaran-obrien
5,2009,FCD,peri-marosevic
5,2010,FCD,zach-loyd
5,2011,PHI,zac-macmath
5,2012,CHV,casey-townsend
5,2013,VAN,erik-hurtado
5,2014,MTL,eric-miller
5,2015,POR,nick-besler
6,2007,COL,nico-colaluca
6,2008,CLB,andy-iro
6,2009,DC,rodney-wallace
6,2010,PHI,amobi-okugo
6,2011,NE,a.j.-soares
6,2012,SJ,sam-garza
6,2013,COL,deshorn-brown
6,2014,FCD,tesho-akindele
6,2015,TOR,alex-bono
7,2007,CHV,john-cunliffe
7,2008,CHI,patrick-nyarko
7,2009,DC,chris-pontius
7,2010,PHI,jack-mcinerney
7,2011,HOU,kofi-sarkodie
7,2012,DC,nick-deleon
7,2013,FCD,walker-zimmerman
7,2014,VAN,andre-lewis
7,2015,CHI,matt-polster
8,2007,CHI,jerson-monteiro
8,2008,FCD,josh-lambo
8,2009,SKC,matt-besler
8,2010,CLB,dilly-duka
8,2011,VAN,michael-nanchoff
8,2012,POR,andrew-jean-baptiste
8,2013,MTL,blake-smith
8,2014,SEA,damion-lowe
8,2015,HOU,zach-steinberger
9,2007,FCD,anthony-wallace
9,2008,TOR,julius-james
9,2009,CHV,michael-lahoud
9,2010,NE,zack-schilawski
9,2011,CHI,jalil-anibaba
9,2012,CHI,austin-berry
9,2013,CLB,ryan-finley
9,2014,SJ,j.j.-koval
9,2015,TOR,clement-simonin
10,2007,TOR,andrew-boyens
10,2008,TOR,pat-phelan
10,2009,NE,kevin-alston
10,2010,CHV,blair-gavin
10,2011,SKC,c.j.-sapong
10,2012,CLB,ethan-finlay
10,2013,SEA,eriq-zavaleta
10,2014,TOR,nick-hagglund
10,2015,SKC,connor-hallisey
11,2007,DC,bryan-arguez
11,2008,SKC,roger-espinoza
11,2009,NYRB,jeremy-hall
11,2010,SEA,david-estrada
11,2011,HOU,will-bruin
11,2012,FCD,matt-hedges
11,2013,COL,dillon-powers
11,2014,NE,patrick-mullins
11,2015,TOR,skylar-thomas
12,2007,NE,amaechi-igwe
12,2008,CHI,dominic-cervi
12,2009,RSL,jean-alexandre
12,2010,CLB,bright-dike
12,2011,CLB,rich-balchan
12,2012,TOR,aaron-maund
12,2013,RSL,john-stertzer
12,2014,COL,marlon-hairston
12,2015,SKC,saad-abdul-salaam
13,2007,HOU,john-michael-hayden
13,2008,NE,rob-valentino
13,2009,TOR,stefan-frei
13,2010,CHI,corben-bone
13,2011,NYRB,corey-hertzog
13,2012,PHI,chandler-hoffman
13,2013,HOU,jason-johnson
13,2014,CHI,marco-franco
13,2015,VAN,tim-parker
14,2007,FCD,fuad-ibrahim
14,2008,RSL,david-horst
14,2009,FCD,george-john
14,2010,NYRB,austin-da-luz
14,2011,CHV,victor-estupinan
14,2012,COL,tony-cascio
14,2013,SKC,mikey-lopez
14,2014,CLB,ben-sweat
14,2015,COL,axel-sjoberg
15,2007,CLB,brad-evans
15,2008,SJ,shea-salinas
15,2009,NE,ryan-maxwell
15,2010,RSL,collen-warner
15,2011,CLB,justin-meram
15,2012,SEA,andrew-duran
15,2013,SJ,tommy-muller
15,2014,PHI,pedro-ribeiro
15,2015,FCD,otis-earle
16,2007,LA,robbie-findley
16,2008,NYRB,eric-brunner
16,2009,SEA,evan-brown
16,2010,LA,michael-stephens
16,2011,LA,paolo-cardozo
16,2012,SKC,dominic-dwyer
16,2013,TOR,emery-welshman
16,2014,HOU,a.j.-cochran
16,2015,SEA,cristian-roldan
17,2007,COL,greg-dalby
17,2008,RSL,alex-nimo
17,2009,SJ,brad-ring
17,2010,PHI,toni-stahl
17,2011,FCD,bobby-warshaw
17,2012,RSL,enzo-martinez
17,2013,DC,taylor-kemp
17,2014,POR,schillo-tshuma
17,2015,DC,miguel-aguilar
18,2007,FCD,andrew-daniels
18,2008,NE,michael-videira
18,2009,NYRB,babajide-ogunbiyi
18,2010,NYRB,tim-ream
18,2011,COL,eddie-ababio
18,2012,HOU,colin-rolfe
18,2013,MTL,fernando-monge
18,2014,RSL,ryan-neil
18,2015,NYRB,leo-stolz
19,2007,NYRB,dane-richards
19,2008,FCD,eric-avila
19,2009,LA,a.j.-delagarza
19,2010,SJ,michael-thomas
19,2011,VAN,jeb-brovsky
19,2012,LA,tommy-meyer
19,2013,LA,charlie-rugg
19,2014,COL,grant-van-de-casteele
19,2015,CLB,sergio-campbell
20,2007,LA,josh-tudela
20,2008,CLB,george-josten
20,2009,CHI,baggio-husidic
20,2010,SKC,korede-aiyegbusi
20,2011,SEA,michael-tetteh
20,2012,MTL,calum-mallace
20,2013,FCD,ryan-hollingshead
20,2014,CHV,thomas-mcnamara
20,2015,SKC,amadou-dia
21,2007,CHI,nate-norman
21,2008,LA,ely-allen
21,2009,DC,milos-kocic
21,2010,FCD,andrew-wiedeman
21,2011,SEA,leone-cruz
21,2012,VAN,chris-estridge
21,2013,NE,donald-smith
21,2014,SEA,jimmy-ockford
21,2015,LA,ignacio-maganto
22,2007,FCD,ryan-guy
22,2008,CLB,ricardo-pierre-louis
22,2009,SKC,doug-demartin
22,2010,COL,andre-akpan
22,2011,POR,chris-taylor
22,2012,NE,tyler-polak
22,2013,NYRB,ian-christianson
22,2014,NYRB,chris-duvall
22,2015,ORL,conor-donovan
23,2007,LA,ty-harden
23,2008,SKC,yomby-william
23,2009,SKC,graham-zusi
23,2010,COL,ross-labauex
23,2011,PHI,michael-farfan
23,2012,CHI,lucky-mkosana
23,2013,NE,luke-spencer
23,2014,LA,kyle-venter
23,2015,NYC,connor-brandt
24,2007,DC,brad-north
24,2008,DC,andrew-jacobson
24,2009,NE,andrei-gotsmanov
24,2010,TOR,zachary-herold
24,2011,NE,stephen-mccarthy
24,2012,RSL,diogo-de-almeida
24,2013,LA,kofi-opare
24,2014,TOR,daniel-lovitz
24,2015,POR,andy-thoma
25,2007,NE,ryan-solle
25,2008,SKC,jonathan-leathers
25,2009,NE,dado-hamzagic
25,2010,NE,seth-sinovic
25,2011,NYRB,john-rooney
25,2012,SJ,jacob-hustedt
25,2013,COL,kory-kindle
25,2014,PHI,kevin-cope
25,2015,ORL,akeil-barrett
26,2007,HOU,corey-ashe
26,2008,CHI,peter-lowry
26,2009,DC,lyle-adams
26,2010,CHI,kwame-watson-siriboe
26,2011,TOR,demitrius-omphroy
26,2012,CLB,aubrey-perry
26,2013,PHI,don-anding
26,2014,POR,taylor-peay
26,2015,COL,joseph-greenspan
27,2007,TOR,richard-asante
27,2008,NE,joe-germanese
27,2009,FCD,brian-shriver
27,2010,SEA,mike-seamon
27,2011,SEA,servando-carrasco
27,2012,POR,brendan-king
27,2013,MTL,paolo-delpiccolo
27,2014,PHI,robbie-derschang
27,2015,RSL,boyd-okwuonu
28,2007,FCD,scott-jones
28,2008,TOR,brian-edwards
28,2009,COL,kwame-adjeman-pamboe
28,2010,SJ,justin-morrow
28,2011,CLB,cole-grossman
28,2012,CHI,hunter-jumper
28,2013,CLB,drew-beckie
28,2014,SJ,joe-sofia
28,2015,CHI,kingsley-bryce
29,2007,SKC,edson-elcock
29,2008,LA,julian-valentin
29,2009,NYRB,jack-traynor
29,2010,CHI,drew-yates
29,2011,SEA,bryan-meredith
29,2012,CLB,kevan-george
29,2013,RSL,devon-sandoval
29,2014,DC,victor-munoz
29,2015,TOR,wesley-charpie
30,2007,RSL,steven-curfman
30,2008,TOR,mike-zaher
30,2009,CLB,bryan-kanu
30,2010,SJ,steven-beitashour
30,2011,NYRB,tyler-lassiter
30,2012,SKC,cyprian-hedrick
30,2013,CHI,yazid-atouba
30,2014,VAN,mamadou-diouf
30,2015,HOU,oumar-ballo
31,2007,COL,omar-cummings
31,2008,CLB,ryan-miller
31,2009,SEA,jared-karkas
31,2010,NE,zak-boggs
31,2011,DC,chris-korb
31,2012,NYRB,ryan-meara
31,2013,PHI,stephen-okai
31,2014,NE,alec-sundly
31,2015,PHI,dzenan-catic
32,2007,DC,jay-needham
32,2008,NYRB,luke-sassano
32,2009,SJ,quincy-amarikwa
32,2010,RSL,justin-davis
32,2011,SKC,jt-murray
32,2012,PHI,greg-jordan
32,2013,MTL,brad-stuver
32,2014,HOU,mark-sherrod
32,2015,POR,christian-volesky
33,2007,NYRB,sinisa-ubiparipovic
33,2008,DC,ryan-cordeiro
33,2009,LA,joshua-boateng
33,2010,PHI,kyle-nakazawa
33,2011,SJ,anthony-ampaipitakwong
33,2012,SJ,chris-blais
33,2013,SJ,dan-delgado
33,2014,COL,jared-watts
33,2015,SEA,tyler-miller
34,2007,CHI,mike-banner
34,2008,LA,matt-allen
34,2009,TOR,mike-grella
34,2010,NYRB,conor-chinn
34,2011,LA,hector-jimenez
34,2012,SEA,babayele-sodade
34,2013,POR,dylan-tucker-ganges
34,2014,NYRB,eric-stevenson
34,2015,POR,kharlton-belmar
35,2007,COL,nick-labrocca
35,2008,TOR,joseph-lapira
35,2009,CHV,kyle-christensen
35,2010,CHV,kevin-tangney
35,2011,FCD,charlie-campbell
35,2012,PHI,raymon-gaddis
35,2013,SEA,dylan-remick
35,2014,COL,john-berner
35,2015,CLB,sagi-lev-ari
36,2007,COL,justin-hughes
36,2008,COL,adrian-chevannes
36,2009,DC,brandon-barklage
36,2010,SKC,nick-cardenas
36,2011,COL,colin-givens
36,2012,RSL,sebastian-velasquez
36,2013,NE,luis-soffner
36,2014,POR,aaron-long
36,2015,HOU,rob-lovejoy
37,2007,DC,ricky-schramm
37,2008,RSL,brennan-tennelle
37,2009,COL,steward-ceus
37,2010,SJ,andrew-hoxie
37,2011,VAN,bilal-duckett
37,2012,HOU,warren-creavalle
37,2013,HOU,jimmy-nealis
37,2014,MTL,george-malki
37,2015,TOR,edwin-rivas
38,2007,NE,bryan-byrne
38,2008,CHI,dwight-barnett
38,2009,NE,chris-salvaggione
38,2010,FCD,jason-yeisley
38,2011,NYRB,billy-cortes
38,2012,LA,kenney-walker
38,2013,LA,greg-cochrane
38,2014,SKC,adnan-gabeljic
38,2015,VAN,kay-banjo
39,2007,HOU,mike-sambursky
39,2008,SKC,matt-marquess
39,2009,TOR,kyle-hall
39,2010,RSL,chris-schuler
39,2011,NE,steven-perry
39,2014,POR,george-fochive
39,2015,NYRB,stefano-bonomo
40,2007,TOR,jeffrey-gonsalves
40,2008,CHI,stephen-king
40,2009,NE,darrius-barnes
40,2010,COL,chad-borak
40,2011,CHV,jon-okafor
40,2014,CHV,kris-tyrpak
40,2015,SEA,oniel-fisher
41,2007,CLB,aaron-chandler
41,2008,NE,matt-britner
41,2009,HOU,danny-cruz
41,2010,SKC,mauro-fuzetti
41,2011,PHI,levi-houapeu
41,2014,SKC,peter-schmetz
41,2015,PHI,eric-bird
42,2007,SKC,kurt-morsink
42,2008,HOU,geoff-cameron
42,2009,SKC,neal-kitson
42,2010,CHV,isaac-kissi
42,2011,NE,ryan-kinne
42,2014,CLB,fifi-baiden
42,2015,DC,dan-metzger
43,2007,FCD,tommy-krizanovic
43,2008,CHV,keith-savage
43,2009,CHI,david-sias
43,2010,HOU,david-walker
43,2011,TOR,matt-gold
43,2014,FCD,nick-walker
43,2015,ORL,earl-edwards
44,2007,LA,tally-hall
44,2008,NYRB,david-roth
44,2009,NYRB,nick-zimmerman
44,2010,FCD,eric-alexander
44,2011,TOR,efrain-burgos
44,2014,PHI,richie-marquez
44,2015,NYC,andre-rawls
45,2007,LA,bobby-burling
45,2008,FCD,jamil-roberts
45,2009,CLB,alex-grendi
45,2010,CHI,steven-kinney
45,2011,CHI,jason-herrick
45,2014,CLB,adam-bedell
45,2015,MTL,cameron-porter
46,2007,CHV,cameron-dunn
46,2008,LA,brandon-mcdonald
46,2009,SEA,mike-fucito
46,2010,HOU,samuel-appiah
46,2011,SKC,konrad-warzycha
46,2014,PHI,alex-sweetin
46,2015,SJ,keasel-broome
47,2007,CHI,simon-omekanda
47,2008,COL,brian-grazier
47,2009,COL,ross-schunk
47,2010,CHV,ben-zemanski
47,2011,SEA,alex-caskey
47,2014,SJ,a.j.-corrado
47,2015,NE,marc-fenelus
48,2007,NE,adam-cristman
48,2008,CLB,steven-lenhart
48,2009,LA,kyle-patterson
48,2010,NE,jason-griffiths
48,2011,CLB,bernardo-anor
48,2014,MTL,pete-caringi
48,2015,SEA,andy-craven
49,2007,CLB,ben-hunter
49,2008,COL,scott-campbell
49,2009,CHV,jamie-franks
49,2010,PHI,brian-perk
49,2011,TOR,joao-plata
49,2014,COL,tolani-ibikunle
49,2015,HOU,taylor-hunter
50,2007,DC,luis-robles
50,2008,FCD,ben-nason
50,2009,SKC,akeem-priestley
50,2010,NYRB,irving-garcia
50,2011,DC,joe-willis
50,2014,NE,pierre-omanga
50,2015,TOR,mike-ramos
51,2007,NE,kyle-helton
51,2008,LA,matt-hatzke
51,2009,COL,jordan-seabrook
51,2010,CHI,sean-johnson
51,2011,CHI,davis-paul
51,2014,VAN,michael-kafari
51,2015,PHI,aaron-simmons
52,2007,HOU,eric-ebert
52,2008,DC,tony-schmitz
52,2009,CHI,jokull-elisabertarson
52,2010,SKC,ofori-sarkodie
52,2011,RSL,jarad-van-schaik
52,2014,PHI,aodhan-quinn
52,2015,POR,anthony-manning
53,2008,SKC,rauwshan-mckenzie
53,2009,COL,henry-kalungi
53,2010,TOR,joseph-nane
53,2011,FCD,scott-gordon
53,2014,RSL,joey-dillon
53,2015,SKC,james-rogers
54,2008,CHI,austin-washington
54,2009,RSL,raphael-cox
54,2010,FCD,dane-saintus
54,2011,NE,alan-koger
54,2014,HOU,michael-lisch
54,2015,VAN,jovan-blagojevic
55,2008,NE,spencer-wadsworth
55,2009,NE,tyrel-lacey
55,2010,DC,jordan-graye
55,2014,SEA,stefano-rijssel
55,2015,CLB,robert-kristo
56,2008,HOU,jeremy-barlow
56,2009,HOU,marcus-tracy
56,2010,COL,chris-cutshaw
56,2014,DC,zach-barnes
56,2015,FCD,will-seymore
57,2009,RSL,mfana-futhi-bhembe
57,2010,NE,adam-welch
57,2014,SKC,alex-martinez
57,2015,RSL,jordan-murrell
58,2009,CHI,richard-jata
58,2010,CHV,chris-ross
58,2014,VAN,mackenzie-pridham
58,2015,VAN,adam-montague
59,2009,COL,michael-holody
59,2010,SEA,jamel-wallace
59,2014,CHV,michael-nwiloh
59,2015,NYRB,shawn-mclaws
60,2009,CLB,chris-clements
60,2010,CLB,kwaku-nyamekye
60,2014,TOR,kene-eze
60,2015,CLB,tomas-gomez
61,2010,CLB,othaniel-yanez
61,2014,CHI,zach-bolden
61,2015,VAN,spencer-richey
62,2010,HOU,euan-holden
62,2014,FCD,ronny-santos-mendoza
62,2015,LA,daniel-keller
63,2010,CLB,shaun-francis
63,2014,PHI,luca-gimenez
63,2015,ORL,sidney-rivera
64,2010,RSL,kris-banghart
64,2014,VAN,michael-calderon
64,2015,NYC,markus-naglestad
65,2014,CHI,kadeem-dacres
65,2015,MTL,cameron-iwasa
66,2014,SJ,devante-dubose
66,2015,SJ,chimdum-mez
67,2014,MTL,jordan-ongaro
67,2015,COL,dominique-badji
68,2014,COL,albert-edward
68,2015,CHI,alex-shinsky
69,2014,DC,travis-golden
69,2015,CLB,kalen-ryden
70,2014,RSL,daniel-jackson
70,2015,TOR,sal-bernal
71,2014,POR,victor-chavez
71,2015,PHI,raymond-lee
72,2015,VAN,craig-nitti
73,2014,POR,nikita-kotlov
73,2015,SKC,tony-rocha
74,2014,SJ,billy-knutsen
74,2015,VAN,nikola-paunic
75,2014,CHI,bryan-ciesiulka
75,2015,SEA,charlie-lyon
76,2014,SKC,reinaldo-brenes
76,2015,FCD,janeil-hoilett
77,2014,SEA,fabio-pereira
77,2015,RSL,lucas-baldin
78,2015,COL,matt-jeffrey
79,2015,NYRB,manolo-sanchez
80,2015,SEA,andrew-bevin
81,2015,TOR,tyler-engel
82,2015,LA,andrew-wolverton
83,2015,COL,brandon-fricke
84,2015,POR,seth-casiple
1,2016,Chicago Fire,jack-harrison
2,2016,Philadelphia Union,josh-yaro
3,2016,Philadelphia Union,keegan-rosenberry
4,2016,Chicago Fire,brandon-vincent
5,2016,Real Salt Lake,omar-holness
6,2016,Philadelphia Union,fabian-herbers
7,2016,Orlando City SC,richie-laryea
8,2016,San Jose Earthquakes,andrew-tarbell
9,2016,Toronto FC,tsubasa-endoh
10,2016,New England Revolution,jordan-mccrary
11,2016,D.C. United,julian-buscher
12,2016,Chicago Fire,jonathan-campbell
13,2016,Orlando City SC,hadji-barry
14,2016,Montreal Impact,kyle-fisher
15,2016,Colorado Rapids,emmanuel-appiah
16,2016,Vancouver Whitecaps FC,cole-seiler
17,2016,FC Dallas,ryan-herman
18,2016,New York Red Bulls,justin-bilyeu
19,2016,Columbus Crew SC,rodrigo-saravia
20,2016,Portland Timbers,ben-polk
21,2016,Columbus Crew SC,chase-minter
22,2016,Chicago Fire,alex-morrell
23,2016,Philadelphia Union,taylor-washington
24,2016,Montreal Impact,michael-salazar
25,2016,Real Salt Lake,max-lachowecki
26,2016,Houston Dynamo,ivan-magalhaes
27,2016,Seattle Sounders FC,tony-alfaro
28,2016,San Jose Earthquakes,patrick-hodan
29,2016,Vancouver Whitecaps FC,christopher-hellmann
30,2016,New England Revolution,michael-gamble
31,2016,Columbus Crew SC,kyle-parker
32,2016,D.C. United,paul-clowes
33,2016,FC Dallas,timo-pitter
34,2016,Montreal Impact,eric-verso
35,2016,Seattle Sounders FC,zach-mathers
36,2016,Vancouver Whitecaps FC,thomas-sanner
37,2016,Colorado Rapids,dennis-castillo
38,2016,New York Red Bulls,zach-carroll
39,2016,Montreal Impact,keegan-smith
40,2016,Portland Timbers,neco-brett
41,2016,Columbus Crew SC,marshall-hollingsworth
42,2016,LA Galaxy,josh-turnley
43,2016,Colorado Rapids,chris-froschauer
44,2016,Philadelphia Union,mitchell-lurie
45,2016,FC Dallas,colin-bonner
46,2016,Real Salt Lake,amass-amankona
47,2016,Houston Dynamo,tj-casner
48,2016,Orlando City SC,antonio-matarazzo
49,2016,San Jose Earthquakes,kip-colvey
50,2016,Vancouver Whitecaps FC,james-moberg
51,2016,New England Revolution,femi-hollinger-janzen
52,2016,Sporting Kansas City,ryan-james
54,2016,Seattle Sounders FC,emir-alihodzic
55,2016,Montreal Impact,brendan-hines-ike
56,2016,Colorado Rapids,javan-torre
57,2016,Chicago Fire,vincent-keller
58,2016,Colorado Rapids,bradley-kamdem
59,2016,Toronto FC,mitchell-taintor
60,2016,Columbus Crew SC,vince-cicciarelli
61,2016,Portland Timbers,wade-hamilton
62,2016,Chicago Fire,vincent-mitchell
63,2016,Colorado Rapids,john-manga
64,2016,Philadelphia Union,cole-missimo
65,2016,Real Salt Lake,connor-sparrow
67,2016,D.C. United,liam-doyle
68,2016,Orlando City SC,tobenna-uzo
69,2016,San Jose Earthquakes,tyler-thompson
70,2016,Toronto FC,darius-madison
71,2016,Vancouver Whitecaps FC,josh-heard
72,2016,Sporting Kansas City,faik-hajderovic
76,2016,Seattle Sounders FC,michael-nelson
77,2016,Vancouver Whitecaps FC,tyler-david
78,2016,FC Dallas,jacob-speed
80,2016,Toronto FC,brian-james
81,2016,Portland Timbers,trevor-morley
